{"cameraMode":{"drawMode":0,"name":"Shaded","section":"Shading Mode"},"sceneLighting":false,"audioPlay":false,"sceneViewState":{"showFog":false,"showMaterialUpdate":false,"showSkybox":false,"showFlares":false,"showImageEffects":false,"showParticleSystems":true},"in2DMode":false,"pivot":{"x":-0.000640869140625,"y":11.377578735351563,"z":1.46875},"rotation":{"x":-0.005717537831515074,"y":-0.005402980372309685,"z":0.000031164399842964485,"w":-0.9999690651893616},"size":6.484272480010986,"orthographic":true}