{"cameraMode":{"drawMode":0,"name":"Shaded","section":"Shading Mode"},"sceneLighting":false,"audioPlay":false,"sceneViewState":{"showFog":false,"showMaterialUpdate":false,"showSkybox":false,"showFlares":false,"showImageEffects":false,"showParticleSystems":true},"in2DMode":false,"pivot":{"x":-0.045052170753479007,"y":0.3197656273841858,"z":-1.8360943794250489},"rotation":{"x":-0.04978753998875618,"y":-0.009893023408949376,"z":0.0004927131230942905,"w":-0.9987107515335083},"size":5.309321880340576,"orthographic":false}