{"cameraMode":{"drawMode":0,"name":"Shaded","section":"Shading Mode"},"sceneLighting":true,"audioPlay":false,"sceneViewState":{"showFog":false,"showMaterialUpdate":false,"showSkybox":false,"showFlares":false,"showImageEffects":false,"showParticleSystems":true},"in2DMode":false,"pivot":{"x":15.981630325317383,"y":-0.3151681423187256,"z":-15.272907257080079},"rotation":{"x":-0.07708951830863953,"y":0.11845697462558747,"z":-0.009224509820342064,"w":-0.9899193048477173},"size":5.682743072509766,"orthographic":false}