{"cameraMode":{"drawMode":0,"name":"Shaded","section":"Shading Mode"},"sceneLighting":false,"audioPlay":false,"sceneViewState":{"showFog":false,"showMaterialUpdate":false,"showSkybox":false,"showFlares":false,"showImageEffects":false,"showParticleSystems":true},"in2DMode":false,"pivot":{"x":204.18235778808595,"y":353.4476013183594,"z":7.437255859375},"rotation":{"x":-0.012311151251196862,"y":-0.003905965480953455,"z":0.00004751435699290596,"w":-0.9999166131019592},"size":908.97998046875,"orthographic":false}