{"cameraMode":{"drawMode":0,"name":"Shaded","section":"Shading Mode"},"sceneLighting":false,"audioPlay":false,"sceneViewState":{"showFog":false,"showMaterialUpdate":false,"showSkybox":false,"showFlares":false,"showImageEffects":false,"showParticleSystems":true},"in2DMode":false,"pivot":{"x":2.703369140625,"y":11.489501953125,"z":0.7705078125},"rotation":{"x":-0.02519361674785614,"y":0.04107212275266647,"z":-0.001035696011967957,"w":-0.998837947845459},"size":11.29018497467041,"orthographic":true}