{"cameraMode":{"drawMode":0,"name":"Shaded","section":"Shading Mode"},"sceneLighting":false,"audioPlay":false,"sceneViewState":{"showFog":false,"showMaterialUpdate":false,"showSkybox":false,"showFlares":false,"showImageEffects":false,"showParticleSystems":true},"in2DMode":false,"pivot":{"x":0.01605224609375,"y":8.865535736083985,"z":0.1552734375},"rotation":{"x":-0.0012174990260973573,"y":-0.015902405604720117,"z":0.000019632610928965732,"w":-0.9998728632926941},"size":6.03491735458374,"orthographic":true}