{"cameraMode":{"drawMode":0,"name":"Shaded","section":"Shading Mode"},"sceneLighting":false,"audioPlay":false,"sceneViewState":{"showFog":false,"showMaterialUpdate":false,"showSkybox":false,"showFlares":false,"showImageEffects":false,"showParticleSystems":true},"in2DMode":false,"pivot":{"x":0.5423966646194458,"y":8.965587615966797,"z":0.15339374542236329},"rotation":{"x":-0.0452827624976635,"y":-0.023379139602184297,"z":0.001059607369825244,"w":-0.9987000823020935},"size":8.021677017211914,"orthographic":false}