{"cameraMode":{"drawMode":0,"name":"Shaded","section":"Shading Mode"},"sceneLighting":false,"audioPlay":false,"sceneViewState":{"showFog":false,"showMaterialUpdate":false,"showSkybox":false,"showFlares":false,"showImageEffects":false,"showParticleSystems":true},"in2DMode":false,"pivot":{"x":-0.00824737548828125,"y":7.187522888183594,"z":1.3056640625},"rotation":{"x":0.001782309147529304,"y":0.002096910262480378,"z":0.0000040064860513666648,"w":-0.9999962449073792},"size":6.342530727386475,"orthographic":true}