{"cameraMode":{"drawMode":0,"name":"Shaded","section":"Shading Mode"},"sceneLighting":false,"audioPlay":false,"sceneViewState":{"showFog":false,"showMaterialUpdate":false,"showSkybox":false,"showFlares":false,"showImageEffects":false,"showParticleSystems":true},"in2DMode":false,"pivot":{"x":0.00038909912109375,"y":6.9415788650512699,"z":0.41015625},"rotation":{"x":0.00028233748162165284,"y":0.003596923081204295,"z":0.000001294487788072729,"w":-0.9999935030937195},"size":5.623745441436768,"orthographic":true}