{"cameraMode":{"drawMode":0,"name":"Shaded","section":"Shading Mode"},"sceneLighting":false,"audioPlay":false,"sceneViewState":{"showFog":false,"showMaterialUpdate":false,"showSkybox":false,"showFlares":false,"showImageEffects":false,"showParticleSystems":true},"in2DMode":false,"pivot":{"x":0.648002564907074,"y":-0.6094009876251221,"z":-0.2118997573852539},"rotation":{"x":0.11853037029504776,"y":-0.0035716795828193428,"z":0.0004259683773852885,"w":0.9929439425468445},"size":29.401004791259767,"orthographic":false}