{"cameraMode":{"drawMode":0,"name":"Shaded","section":"Shading Mode"},"sceneLighting":false,"audioPlay":false,"sceneViewState":{"showFog":false,"showMaterialUpdate":false,"showSkybox":false,"showFlares":false,"showImageEffects":false,"showParticleSystems":true},"in2DMode":false,"pivot":{"x":-0.059999942779541019,"y":8.028499603271485,"z":0.0},"rotation":{"x":-0.22779323160648347,"y":-0.0008816947229206562,"z":0.00020578944531735033,"w":-0.9737091660499573},"size":16.78399658203125,"orthographic":false}