{"cameraMode":{"drawMode":0,"name":"Shaded","section":"Shading Mode"},"sceneLighting":true,"audioPlay":false,"sceneViewState":{"showFog":false,"showMaterialUpdate":false,"showSkybox":false,"showFlares":false,"showImageEffects":false,"showParticleSystems":true},"in2DMode":false,"pivot":{"x":16.731647491455079,"y":-0.4541862905025482,"z":-15.085552215576172},"rotation":{"x":-0.05177619308233261,"y":0.12608680129051209,"z":-0.006589675322175026,"w":-0.9906452894210815},"size":5.682743072509766,"orthographic":false}