{"cameraMode":{"drawMode":0,"name":"Shaded","section":"Shading Mode"},"sceneLighting":false,"audioPlay":false,"sceneViewState":{"showFog":false,"showMaterialUpdate":false,"showSkybox":false,"showFlares":false,"showImageEffects":false,"showParticleSystems":true},"in2DMode":false,"pivot":{"x":-0.0007476806640625,"y":9.202646255493164,"z":0.10546875},"rotation":{"x":0.0002823200775310397,"y":0.006596921943128109,"z":0.000002134944907083991,"w":-0.999978244304657},"size":6.241672039031982,"orthographic":true}