{"cameraMode":{"drawMode":0,"name":"Shaded","section":"Shading Mode"},"sceneLighting":true,"audioPlay":false,"sceneViewState":{"showFog":false,"showMaterialUpdate":false,"showSkybox":false,"showFlares":false,"showImageEffects":false,"showParticleSystems":true},"in2DMode":false,"pivot":{"x":0.0676867663860321,"y":-0.42921364307403567,"z":0.21784459054470063},"rotation":{"x":-0.1199754849076271,"y":0.02739129215478897,"z":-0.003311961656436324,"w":-0.992393434047699},"size":16.83479881286621,"orthographic":false}