{"cameraMode":{"drawMode":0,"name":"Shaded","section":"Shading Mode"},"sceneLighting":false,"audioPlay":false,"sceneViewState":{"showFog":false,"showMaterialUpdate":false,"showSkybox":false,"showFlares":false,"showImageEffects":false,"showParticleSystems":true},"in2DMode":false,"pivot":{"x":-0.01714324951171875,"y":8.828874588012696,"z":0.15234375},"rotation":{"x":0.00028232333716005087,"y":0.0035969323944300415,"z":0.0000012928652495247662,"w":-0.9999935626983643},"size":5.279621601104736,"orthographic":true}