{"cameraMode":{"drawMode":0,"name":"Shaded","section":"Shading Mode"},"sceneLighting":false,"audioPlay":false,"sceneViewState":{"showFog":false,"showMaterialUpdate":false,"showSkybox":false,"showFlares":false,"showImageEffects":false,"showParticleSystems":true},"in2DMode":false,"pivot":{"x":0.2424163818359375,"y":14.011844635009766,"z":0.25390625},"rotation":{"x":-0.0012176190502941609,"y":-0.0039030590560287239,"z":0.000005022237473895075,"w":-0.9999916553497315},"size":11.131115913391114,"orthographic":true}