{"cameraMode":{"drawMode":0,"name":"Shaded","section":"Shading Mode"},"sceneLighting":false,"audioPlay":false,"sceneViewState":{"showFog":false,"showMaterialUpdate":false,"showSkybox":false,"showFlares":false,"showImageEffects":false,"showParticleSystems":true},"in2DMode":false,"pivot":{"x":-0.00002574920654296875,"y":9.109861373901368,"z":0.0},"rotation":{"x":0.00028234292403794825,"y":0.0005968891200609505,"z":4.395758992359333e-7,"w":-0.9999997615814209},"size":7.615903854370117,"orthographic":true}