{"cameraMode":{"drawMode":0,"name":"Shaded","section":"Shading Mode"},"sceneLighting":true,"audioPlay":false,"sceneViewState":{"showFog":false,"showMaterialUpdate":false,"showSkybox":false,"showFlares":false,"showImageEffects":false,"showParticleSystems":true},"in2DMode":false,"pivot":{"x":0.7781162261962891,"y":4.911989688873291,"z":0.9543418884277344},"rotation":{"x":-0.004218162503093481,"y":-0.0099025908857584,"z":0.00004221700146445073,"w":-0.9999420642852783},"size":20.99087142944336,"orthographic":false}