{"cameraMode":{"drawMode":0,"name":"Shaded","section":"Shading Mode"},"sceneLighting":false,"audioPlay":false,"sceneViewState":{"showFog":false,"showMaterialUpdate":false,"showSkybox":false,"showFlares":false,"showImageEffects":false,"showParticleSystems":true},"in2DMode":false,"pivot":{"x":0.539794921875,"y":8.79608154296875,"z":1.7734375},"rotation":{"x":-0.002717579249292612,"y":0.0035966800060123207,"z":-0.000009513511031400412,"w":-0.9999898672103882},"size":8.531900405883789,"orthographic":true}