{"cameraMode":{"drawMode":0,"name":"Shaded","section":"Shading Mode"},"sceneLighting":false,"audioPlay":false,"sceneViewState":{"showFog":false,"showMaterialUpdate":false,"showSkybox":false,"showFlares":false,"showImageEffects":false,"showParticleSystems":true},"in2DMode":false,"pivot":{"x":-0.3437042236328125,"y":8.037010192871094,"z":0.005859375},"rotation":{"x":-0.004217605106532574,"y":-0.003903005737811327,"z":0.000016736161342123523,"w":-0.999983549118042},"size":7.111145496368408,"orthographic":true}