{"cameraMode":{"drawMode":0,"name":"Shaded","section":"Shading Mode"},"sceneLighting":false,"audioPlay":false,"sceneViewState":{"showFog":false,"showMaterialUpdate":false,"showSkybox":false,"showFlares":false,"showImageEffects":false,"showParticleSystems":true},"in2DMode":false,"pivot":{"x":-0.7982641458511353,"y":8.587170600891114,"z":0.02076864242553711},"rotation":{"x":-0.004218162503093481,"y":-0.0099025908857584,"z":0.00004221700146445073,"w":-0.9999420642852783},"size":7.629573345184326,"orthographic":true}