{"cameraMode":{"drawMode":0,"name":"Shaded","section":"Shading Mode"},"sceneLighting":false,"audioPlay":false,"sceneViewState":{"showFog":false,"showMaterialUpdate":false,"showSkybox":false,"showFlares":false,"showImageEffects":false,"showParticleSystems":true},"in2DMode":false,"pivot":{"x":128.1605682373047,"y":354.8678283691406,"z":110.57806396484375},"rotation":{"x":-0.0183129720389843,"y":0.002094060182571411,"z":-0.000039034253859426826,"w":-0.9998301267623901},"size":738.2626953125,"orthographic":false}