{"cameraMode":{"drawMode":0,"name":"Shaded","section":"Shading Mode"},"sceneLighting":false,"audioPlay":false,"sceneViewState":{"showFog":false,"showMaterialUpdate":false,"showSkybox":false,"showFlares":false,"showImageEffects":false,"showParticleSystems":true},"in2DMode":false,"pivot":{"x":0.10320603847503662,"y":7.349643707275391,"z":11.980385780334473},"rotation":{"x":-0.03180279955267906,"y":0.012588003650307656,"z":-0.00040100867045111954,"w":-0.9994148015975952},"size":27.73245620727539,"orthographic":false}