{"cameraMode":{"drawMode":0,"name":"Shaded","section":"Shading Mode"},"sceneLighting":false,"audioPlay":false,"sceneViewState":{"showFog":false,"showMaterialUpdate":false,"showSkybox":false,"showFlares":false,"showImageEffects":false,"showParticleSystems":true},"in2DMode":false,"pivot":{"x":-0.00858306884765625,"y":8.522480010986329,"z":-0.49609375},"rotation":{"x":-0.0012175684096291662,"y":-0.002403247868642211,"z":0.0000031883726023806959,"w":-0.9999963641166687},"size":6.882693767547607,"orthographic":true}