{"cameraMode":{"drawMode":0,"name":"Shaded","section":"Shading Mode"},"sceneLighting":false,"audioPlay":false,"sceneViewState":{"showFog":false,"showMaterialUpdate":false,"showSkybox":false,"showFlares":false,"showImageEffects":false,"showParticleSystems":true},"in2DMode":false,"pivot":{"x":122.23062896728516,"y":423.3044738769531,"z":64.9223861694336},"rotation":{"x":0.025182140991091729,"y":0.017087582498788835,"z":0.00042970996582880616,"w":-0.9995367527008057},"size":219.60240173339845,"orthographic":false}