{"cameraMode":{"drawMode":0,"name":"Shaded","section":"Shading Mode"},"sceneLighting":false,"audioPlay":false,"sceneViewState":{"showFog":false,"showMaterialUpdate":false,"showSkybox":false,"showFlares":false,"showImageEffects":false,"showParticleSystems":true},"in2DMode":false,"pivot":{"x":175.77748107910157,"y":104.17095947265625,"z":31.0345516204834},"rotation":{"x":-0.3029698133468628,"y":-0.005152345634996891,"z":0.001637177774682641,"w":-0.9529848098754883},"size":1375.982177734375,"orthographic":false}