{"cameraMode":{"drawMode":0,"name":"Shaded","section":"Shading Mode"},"sceneLighting":false,"audioPlay":false,"sceneViewState":{"showFog":false,"showMaterialUpdate":false,"showSkybox":false,"showFlares":false,"showImageEffects":false,"showParticleSystems":true},"in2DMode":false,"pivot":{"x":-0.022216796875,"y":10.969322204589844,"z":0.7568359375},"rotation":{"x":0.0017823282396420837,"y":0.003596913767978549,"z":0.000006685926564387046,"w":-0.9999920129776001},"size":7.039435863494873,"orthographic":true}