{"cameraMode":{"drawMode":0,"name":"Shaded","section":"Shading Mode"},"sceneLighting":false,"audioPlay":false,"sceneViewState":{"showFog":false,"showMaterialUpdate":false,"showSkybox":false,"showFlares":false,"showImageEffects":false,"showParticleSystems":true},"in2DMode":false,"pivot":{"x":-0.059999942779541019,"y":8.028499603271485,"z":0.0},"rotation":{"x":-0.02519361674785614,"y":0.04107212275266647,"z":-0.001035696011967957,"w":-0.998837947845459},"size":5.546396732330322,"orthographic":true}