{"cameraMode":{"drawMode":0,"name":"Shaded","section":"Shading Mode"},"sceneLighting":false,"audioPlay":false,"sceneViewState":{"showFog":false,"showMaterialUpdate":false,"showSkybox":false,"showFlares":false,"showImageEffects":false,"showParticleSystems":true},"in2DMode":false,"pivot":{"x":0.2219085693359375,"y":9.107673645019532,"z":-0.0322265625},"rotation":{"x":-0.004217599052935839,"y":0.005096855107694864,"z":-0.000021223420844762586,"w":-0.9999781847000122},"size":6.130035400390625,"orthographic":true}